연도,육아휴직자_전체,부,모,부_비중_%,출처,비고
2010,72967,1967,71000,2.7,"KOSIS DT_CC2024A001 「전체 육아휴직자(시작일 기준)」, 국가데이터처 육아휴직통계 (2026-09-29 다운로드)",
2011,93895,3053,90842,3.3,"KOSIS DT_CC2024A001 「전체 육아휴직자(시작일 기준)」, 국가데이터처 육아휴직통계 (2026-09-29 다운로드)",
2012,104996,3691,101305,3.5,"KOSIS DT_CC2024A001 「전체 육아휴직자(시작일 기준)」, 국가데이터처 육아휴직통계 (2026-09-29 다운로드)",
2013,111083,4498,106585,4.0,"KOSIS DT_CC2024A001 「전체 육아휴직자(시작일 기준)」, 국가데이터처 육아휴직통계 (2026-09-29 다운로드)",
2014,124317,6219,118098,5.0,"KOSIS DT_CC2024A001 「전체 육아휴직자(시작일 기준)」, 국가데이터처 육아휴직통계 (2026-09-29 다운로드)",
2015,136560,8220,128340,6.0,"KOSIS DT_CC2024A001 「전체 육아휴직자(시작일 기준)」, 국가데이터처 육아휴직통계 (2026-09-29 다운로드)",
2016,140403,11965,128438,8.5,"KOSIS DT_CC2024A001 「전체 육아휴직자(시작일 기준)」, 국가데이터처 육아휴직통계 (2026-09-29 다운로드)",
2017,142038,18160,123878,12.8,"KOSIS DT_CC2024A001 「전체 육아휴직자(시작일 기준)」, 국가데이터처 육아휴직통계 (2026-09-29 다운로드)",
2018,153741,25062,128679,16.3,"KOSIS DT_CC2024A001 「전체 육아휴직자(시작일 기준)」, 국가데이터처 육아휴직통계 (2026-09-29 다운로드)",
2019,163256,32051,131205,19.6,"KOSIS DT_CC2024A001 「전체 육아휴직자(시작일 기준)」, 국가데이터처 육아휴직통계 (2026-09-29 다운로드)",
2020,171959,38813,133146,22.6,"KOSIS DT_CC2024A001 「전체 육아휴직자(시작일 기준)」, 국가데이터처 육아휴직통계 (2026-09-29 다운로드)",
2021,175110,42197,132913,24.1,"KOSIS DT_CC2024A001 「전체 육아휴직자(시작일 기준)」, 국가데이터처 육아휴직통계 (2026-09-29 다운로드)",
2022,202093,54565,147528,27.0,"KOSIS DT_CC2024A001 「전체 육아휴직자(시작일 기준)」, 국가데이터처 육아휴직통계 (2026-09-29 다운로드)",
2023,198218,50815,147403,25.6,"KOSIS DT_CC2024A001 「전체 육아휴직자(시작일 기준)」, 국가데이터처 육아휴직통계 (2026-09-29 다운로드)",
2024,206226,60117,146109,29.2,"KOSIS DT_CC2024A001 「전체 육아휴직자(시작일 기준)」, 국가데이터처 육아휴직통계 (2026-09-29 다운로드)",잠정치(p)
