지표,기준연도,전체,부(남),모(여),단위,출처(공표본),검증상태,비고
육아휴직자 수(해당연도 육아휴직 시작자),2010,72769,1967,70802,명,국가데이터처 2024년 육아휴직통계 결과(잠정) 2025-12-17 등 언론 인용,검증(언론),통계 작성 첫해. 모=전체-부 계산값
육아휴직자 수(해당연도 육아휴직 시작자),2017,140531,,,명,통계청 2019년 육아휴직통계 결과(잠정) 2020-12 (저출산고령사회위원회 게시 참고자료),검증,잠정
육아휴직자 수(해당연도 육아휴직 시작자),2018,152241,,,명,통계청 2019년 육아휴직통계 결과(잠정) 2020-12 (저출산고령사회위원회 게시 참고자료),검증,잠정
육아휴직자 수(해당연도 육아휴직 시작자),2019,159153,,,명,통계청 2019년 육아휴직통계 결과(잠정) 2020-12 (저출산고령사회위원회 게시 참고자료),검증,잠정
육아휴직자 수(해당연도 육아휴직 시작자),2020,169345,38511,130834,명,통계청 2020년 육아휴직통계 결과(잠정) 2021-12,검증,잠정(부 22.7%)
육아휴직자 수(해당연도 육아휴직 시작자),2021,173631,41910,131721,명,통계청 2021년 육아휴직통계 결과(잠정) 2022-12 (베이비뉴스 등 인용),검증,잠정(부 24.1%)
육아휴직자 수(해당연도 육아휴직 시작자),2022,199976,,,명,통계청 2022년 육아휴직통계 결과(잠정) 2023-12,검증,잠정
육아휴직자 수(해당연도 육아휴직 시작자),2023,195986,,,명,통계청 2023년 육아휴직통계 결과(잠정) 2024-12,검증,"잠정(모 74.3%, 부 25.7%)"
육아휴직자 수(해당연도 육아휴직 시작자),2024,206226,60117,146109,명,국가데이터처 2024년 육아휴직통계 결과(잠정) 2025-12-17,검증,잠정(부 29.2%). 모=전체-부 계산값
출생아 부모 육아휴직 사용률(당해 출생아 부모 중 당해 육아휴직 시작 비율),2015,,0.6,,%,국가데이터처 2024년 육아휴직통계 결과(잠정) 2025-12-17 언론 인용,검증(언론),
출생아 부모 육아휴직 사용률(당해 출생아 부모 중 당해 육아휴직 시작 비율),2021,25.9,4.1,65.4,%,통계청 2022년 육아휴직통계 결과(잠정) 2023-12의 전년대비 증감으로 역산,계산값,2022년 공표본 기준
출생아 부모 육아휴직 사용률(당해 출생아 부모 중 당해 육아휴직 시작 비율),2022,30.2,6.8,70.0,%,통계청 2022년 육아휴직통계 결과(잠정) 2023-12,검증,잠정
출생아 부모 육아휴직 사용률(당해 출생아 부모 중 당해 육아휴직 시작 비율),2022,31.3,7.1,71.2,%,통계청 2023년 육아휴직통계 결과(잠정) 2024-12의 전년대비 증감으로 역산,계산값,확정(수정)치 추정
출생아 부모 육아휴직 사용률(당해 출생아 부모 중 당해 육아휴직 시작 비율),2023,32.9,7.4,73.2,%,통계청 2023년 육아휴직통계 결과(잠정) 2024-12,검증,잠정
출생아 부모 육아휴직 사용률(당해 출생아 부모 중 당해 육아휴직 시작 비율),2023,33.0,7.5,73.2,%,국가데이터처 2024년 육아휴직통계 결과(잠정) 2025-12-17의 전년대비 증감으로 역산,계산값,확정(수정)치 추정
출생아 부모 육아휴직 사용률(당해 출생아 부모 중 당해 육아휴직 시작 비율),2024,34.7,10.2,72.2,%,국가데이터처 2024년 육아휴직통계 결과(잠정) 2025-12-17,검증,잠정
출생아 부모 중 당해 육아휴직자 수,2024,96810,,,명,국가데이터처 2024년 육아휴직통계 결과(잠정) 2025-12-17,검증,전년 대비 9.7% 증가
출생아 100명당 출생아 부모 중 당해 육아휴직자 수,2019,22.8,1.3,21.4,명/출생아100명,통계청 2019년 육아휴직통계 결과(잠정) 2020-12 (저출산고령사회위원회 게시 참고자료),검증,출생아 30.3만명 중 6.9만명
출생아 100명당 출생아 부모 중 당해 육아휴직자 수,2020,26.8,2.5,24.3,명/출생아100명,통계청 2020년 육아휴직통계 결과(잠정) 2021-12,검증,출생아 27.2만명
출생아 100명당 출생아 부모 중 당해 육아휴직자 수,2021,29.8,,,명/출생아100명,통계청 2022년 육아휴직통계 결과(잠정) 2023-12의 전년대비 증감으로 역산,계산값,"언론: 모 약 26명, 부 약 3명"
출생아 100명당 출생아 부모 중 당해 육아휴직자 수,2022,35.0,,,명/출생아100명,통계청 2022년 육아휴직통계 결과(잠정) 2023-12,검증,2023년 공표부터 '사용률'(%)로 대체
출생코호트 누적(만0~8세 전 기간) 출생아 100명당 육아휴직 부모 수,2010년 출생아,19.6,1.8,17.8,명/출생아100명,통계청 2019년 육아휴직통계 결과(잠정) 2020-12 (저출산고령사회위원회 게시 참고자료),검증,47만명 중 9.2만명
출생 후 12개월 이내 육아휴직 사용률(출생연도 코호트),2015년 출생아,,1.1,68.5,%,한국경제 2025-12-17 등 언론 인용(국가데이터처 2024년 육아휴직통계 결과(잠정) 2025-12-17),검증(언론),분모 정의(취업 부모 대비 여부) 원문 확인 필요
출생 후 12개월 이내 육아휴직 사용률(출생연도 코호트),2021년 출생아,,10.2,80.9,%,한국경제 2025-12-17 등 언론 인용(국가데이터처 2024년 육아휴직통계 결과(잠정) 2025-12-17),검증(언론),분모 정의(취업 부모 대비 여부) 원문 확인 필요
