연도,육아휴직급여_초회수급자_전체,남성,"여성(전체-남성,계산값)",남성비중_%(남성/전체 계산값),출처,검증상태,비고
2002,3763,78,3685,2.1,(기억 기반 값),미검증,2001.11 급여 도입 후 첫 완전연도. 원자료로 반드시 확인
2003,6816,104,6712,1.5,서울신문 2011-02-11 '작년 육아휴직자 4만명 첫 돌파'(고용노동부 발표 인용),총계 검증 / 남성 미검증,
2004,9304,181,9123,1.9,서울신문 2011-02-11 '작년 육아휴직자 4만명 첫 돌파'(고용노동부 발표 인용),총계 검증 / 남성 미검증,
2005,10700,208,10492,1.9,서울신문 2011-02-11 '작년 육아휴직자 4만명 첫 돌파'(고용노동부 발표 인용),총계 검증 / 남성 미검증,
2006,13670,230,13440,1.7,서울신문 2011-02-11 '작년 육아휴직자 4만명 첫 돌파'(고용노동부 발표 인용),총계·남성 간접 검증,"서울신문(2011) 인용 13,440명은 여성 수(13,670-230)와 정확히 일치 → 기사 수치는 여성 기준으로 판단"
2007,21185,310,20875,1.5,서울신문 2011-02-11 '작년 육아휴직자 4만명 첫 돌파'(고용노동부 발표 인용),총계 검증 / 남성 미검증,
2008,29145,355,28790,1.2,한국노동연구원 노동리뷰 2018.11 통계프리즘 '한국 남성 육아휴직 현황',검증,"서울신문(2011) 인용 28,790명은 여성 수(29,145-355)와 일치"
2009,35400,502,34898,1.4,한국일보 2010-07-01 / 서울신문 2011-02-11 '작년 육아휴직자 4만명 첫 돌파'(고용노동부 발표 인용),총계 검증 / 남성 '500명 넘어'로 근사 검증,
2010,41733,819,40914,2.0,한국일보 2015-05-08 ''육아휴직 아빠' 쑥쑥 늘어난다'(고용노동부 통계 인용); 서울신문 2011-02-11 '작년 육아휴직자 4만명 첫 돌파'(고용노동부 발표 인용),남성 검증 / 총계 근사 검증,"2011년 발표 당시 41,736명"
2011,58137,1402,56735,2.4,한국일보 2015-05-08 ''육아휴직 아빠' 쑥쑥 늘어난다'(고용노동부 통계 인용),남성 검증 / 총계 미검증,
2012,64069,1790,62279,2.8,한국일보 2015-05-08 ''육아휴직 아빠' 쑥쑥 늘어난다'(고용노동부 통계 인용),남성 검증 / 총계 미검증,
2013,69616,2293,67323,3.3,한국일보 2015-05-08 ''육아휴직 아빠' 쑥쑥 늘어난다'(고용노동부 통계 인용),남성 검증 / 총계 미검증,
2014,76833,3421,73412,4.5,한국일보 2015-05-08 ''육아휴직 아빠' 쑥쑥 늘어난다'(고용노동부 통계 인용),남성 검증 / 총계 미검증,
2015,87339,4872,82467,5.6,"고용노동부 보도자료 2025-02 '지난해 육아휴직 132,535명으로 역대 최고' (moel.go.kr news_seq=17535)",검증,
2016,89795,7616,82179,8.5,이투데이(남성 비중 8.5%),비중 검증 / 인원 미검증,
2017,90123,12043,78080,13.4,한국노동연구원 노동리뷰 2018.11 통계프리즘 '한국 남성 육아휴직 현황'; 정책브리핑 2021-02 '지난해 남성 육아휴직자 2만7423명…전년대비 23% 증가',검증,"남성 12,042명으로 표기된 자료도 있음"
2018,99199,17665,81534,17.8,정책브리핑 2021-02 '지난해 남성 육아휴직자 2만7423명…전년대비 23% 증가',남성 검증 / 총계 미검증,
2019,105165,22297,82868,21.2,정책브리핑 2021-02 '지난해 남성 육아휴직자 2만7423명…전년대비 23% 증가',검증,
2020,112040,27423,84617,24.5,정책브리핑 2021-02 '지난해 남성 육아휴직자 2만7423명…전년대비 23% 증가',검증,"고용노동부 2025 보도자료에는 112,038명"
2021,110555,29041,81514,26.3,"고용노동부 보도자료 2025-02 '지난해 육아휴직 132,535명으로 역대 최고' (moel.go.kr news_seq=17535)",검증,
2022,131084,37884,93200,28.9,"고용노동부 보도자료 2025-02 '지난해 육아휴직 132,535명으로 역대 최고' (moel.go.kr news_seq=17535)",총계 검증 / 남성 미검증,
2023,126008,35336,90672,28.0,"고용노동부 보도자료 2025-02 '지난해 육아휴직 132,535명으로 역대 최고' (moel.go.kr news_seq=17535)",검증,
2024,132535,41829,90706,31.6,"고용노동부 보도자료 2025-02 '지난해 육아휴직 132,535명으로 역대 최고' (moel.go.kr news_seq=17535)",검증,
2025,184329,67200,117129,36.5,"고용노동부 2025년 일·가정 양립 지원제도 활용 실적(2026-02 보도, 언론 인용)",검증,급여 상한 250만원·6+6 부모육아휴직제 시행 영향
2026H1,103983,40320,63663,38.8,고용노동부 보도자료 2026-07-12 '2026년 상반기 일·가정 양립 지원제도 활용 실적' (news_seq=19652),검증,상반기(1~6월) 누계
